{
 "actions": [],
 "creation": "2023-05-10 12:00:00",
 "doctype": "DocType",
 "editable_grid": 1,
 "engine": "InnoDB",
 "field_order": [
  "mobile_number",
  "recipient_name",
  "recipient_data"
 ],
 "fields": [
  {
   "fieldname": "mobile_number",
   "fieldtype": "Data",
   "in_list_view": 1,
   "label": "Mobile Number",
   "reqd": 1
  },
  {
   "fieldname": "recipient_name",
   "fieldtype": "Data",
   "in_list_view": 1,
   "label": "Recipient Name"
  },
  {
   "default": "{}",
   "description": "JSON formatted data for message variables",
   "fieldname": "recipient_data",
   "fieldtype": "Code",
   "label": "Recipient Data",
   "options": "JSON"
  }
 ],
 "index_web_pages_for_search": 1,
 "istable": 1,
 "links": [],
 "modified": "2025-03-07 13:06:39.875432",
 "modified_by": "Administrator",
 "module": "Frappe Whatsapp",
 "name": "WhatsApp Recipient",
 "owner": "Administrator",
 "permissions": [],
 "sort_field": "modified",
 "sort_order": "DESC",
 "states": []
}