{
 "actions": [],
 "autoname": "autoincrement",
 "creation": "2022-10-29 14:51:38.741121",
 "doctype": "DocType",
 "editable_grid": 1,
 "engine": "InnoDB",
 "field_order": [
  "field_name"
 ],
 "fields": [
  {
   "fieldname": "field_name",
   "fieldtype": "Data",
   "in_list_view": 1,
   "label": "Field name"
  }
 ],
 "index_web_pages_for_search": 1,
 "istable": 1,
 "links": [],
 "modified": "2022-10-29 15:33:48.324678",
 "modified_by": "Administrator",
 "module": "Frappe Whatsapp",
 "name": "WhatsApp Message Fields",
 "naming_rule": "Autoincrement",
 "owner": "Administrator",
 "permissions": [],
 "sort_field": "modified",
 "sort_order": "DESC",
 "states": []
}